fid,Intervention,baseline ,15/16 ,16/17 ,17/18 ,18/19 ,19/20 ,20/21,21/22 ,22/23 ,23/24,24/25 ,25/26 
1,Target area,0,0,276.3,559.3,792.6,1017.4,1240,1399.9,1428.9,1715.3,3671,4403.21
2, Afforestation,0,0,57,121,7,91,46,56.1,0,0,297.9,0
3, Mechanized terracing ,0,0,0,0,0,0,0,0,0,231,0,0
4,Terraces,0,0,69.3,90,74.3,65.8,85.6,59.3,0,0,1210.7,705.81
5,Gabions,0,0,0,0,0,0,0,0,0,0,24.16,0
6,Marking&pegging of Riparian areas,0,0,150,72,152,68,91,29,0,0,0,0
7,Uptake of Technology,0,0,0,0,0,0,0,0,0,0,24,0
8,Vetiver bulking and slope barrier,0,0,0,0,0,0,0,0.5,0,0.2,1.54,0
9,Farmer Led Irrigation Development,0,0,0,0,0,0,0,4,2,3.2,37.4,7.4
10,Farmer Field Schools ,0,0,0,0,0,0,0,11,27,52,360,19
